timestamp,node_id,device_id,device_name,value,pin
2026-02-26 22:21:07,AAA,AAA001,pH 센서,42.04,GPIO0(ADC)
2026-02-26 22:21:07,AAA,AAA002,EC 센서,38.18,GPIO1(ADC)
2026-02-26 22:21:07,AAB,AAB001,pH 센서,50.12,GPIO0(ADC)
2026-02-26 22:21:07,AAC,AAC001,수위 센서,56.25,GPIO0(ADC)
2026-02-26 22:21:07,AAD,AAD001,온도 센서,50.42,GPIO5
2026-02-26 22:21:07,AAE,AAE001,조도(PPFD) 센서,55.19,GPIO0(ADC)
2026-02-26 22:21:07,AAF,AAF001,DO(용존산소) 센서,26.18,GPIO0(ADC)
2026-02-26 22:21:07,AAG,AAG001,습도 센서,64.23,GPIO0(ADC)
2026-02-26 22:21:07,AAH,AAH001,CO2 센서,44.79,GPIO0(ADC)
2026-02-26 22:21:07,AAI,AAI001,수온 센서,71.98,GPIO0(ADC)
2026-02-26 22:21:07,AAJ,AAJ001,양액탱크 레벨 센서,49.79,GPIO0(ADC)
2026-02-26 22:26:09,AAA,AAA001,pH 센서,44.68,GPIO0(ADC)
2026-02-26 22:26:09,AAA,AAA002,EC 센서,15.38,GPIO1(ADC)
2026-02-26 22:26:09,AAB,AAB001,pH 센서,26.97,GPIO0(ADC)
2026-02-26 22:26:09,AAC,AAC001,수위 센서,61.87,GPIO0(ADC)
2026-02-26 22:26:09,AAD,AAD001,온도 센서,50.17,GPIO5
2026-02-26 22:26:09,AAE,AAE001,조도(PPFD) 센서,61.2,GPIO0(ADC)
2026-02-26 22:26:09,AAF,AAF001,DO(용존산소) 센서,51.82,GPIO0(ADC)
2026-02-26 22:26:09,AAG,AAG001,습도 센서,54.21,GPIO0(ADC)
2026-02-26 22:26:09,AAH,AAH001,CO2 센서,55.32,GPIO0(ADC)
2026-02-26 22:26:09,AAI,AAI001,수온 센서,47.57,GPIO0(ADC)
2026-02-26 22:26:09,AAJ,AAJ001,양액탱크 레벨 센서,56.22,GPIO0(ADC)
2026-02-26 22:31:11,AAA,AAA001,pH 센서,31.47,GPIO0(ADC)
2026-02-26 22:31:11,AAA,AAA002,EC 센서,62.43,GPIO1(ADC)
2026-02-26 22:31:11,AAB,AAB001,pH 센서,42.16,GPIO0(ADC)
2026-02-26 22:31:11,AAC,AAC001,수위 센서,52.86,GPIO0(ADC)
2026-02-26 22:31:11,AAD,AAD001,온도 센서,48.12,GPIO5
2026-02-26 22:31:11,AAE,AAE001,조도(PPFD) 센서,49.36,GPIO0(ADC)
2026-02-26 22:31:11,AAF,AAF001,DO(용존산소) 센서,37.26,GPIO0(ADC)
2026-02-26 22:31:11,AAG,AAG001,습도 센서,45.54,GPIO0(ADC)
2026-02-26 22:31:11,AAH,AAH001,CO2 센서,75.96,GPIO0(ADC)
2026-02-26 22:31:11,AAI,AAI001,수온 센서,43.09,GPIO0(ADC)
2026-02-26 22:31:11,AAJ,AAJ001,양액탱크 레벨 센서,38.56,GPIO0(ADC)
2026-02-26 22:36:13,AAA,AAA001,pH 센서,48.94,GPIO0(ADC)
2026-02-26 22:36:13,AAA,AAA002,EC 센서,45.66,GPIO1(ADC)
2026-02-26 22:36:13,AAB,AAB001,pH 센서,64.86,GPIO0(ADC)
2026-02-26 22:36:13,AAC,AAC001,수위 센서,52.24,GPIO0(ADC)
2026-02-26 22:36:13,AAD,AAD001,온도 센서,54.14,GPIO5
2026-02-26 22:36:13,AAE,AAE001,조도(PPFD) 센서,65.18,GPIO0(ADC)
2026-02-26 22:36:13,AAF,AAF001,DO(용존산소) 센서,37.18,GPIO0(ADC)
2026-02-26 22:36:13,AAG,AAG001,습도 센서,38.23,GPIO0(ADC)
2026-02-26 22:36:13,AAH,AAH001,CO2 센서,60.78,GPIO0(ADC)
2026-02-26 22:36:13,AAI,AAI001,수온 센서,40.34,GPIO0(ADC)
2026-02-26 22:36:13,AAJ,AAJ001,양액탱크 레벨 센서,43.71,GPIO0(ADC)
2026-02-26 22:41:14,AAA,AAA001,pH 센서,34.2,GPIO0(ADC)
2026-02-26 22:41:14,AAA,AAA002,EC 센서,37.36,GPIO1(ADC)
2026-02-26 22:41:14,AAB,AAB001,pH 센서,55.72,GPIO0(ADC)
2026-02-26 22:41:14,AAC,AAC001,수위 센서,43.9,GPIO0(ADC)
2026-02-26 22:41:14,AAD,AAD001,온도 센서,48.78,GPIO5
2026-02-26 22:41:14,AAE,AAE001,조도(PPFD) 센서,64.79,GPIO0(ADC)
2026-02-26 22:41:14,AAF,AAF001,DO(용존산소) 센서,53.42,GPIO0(ADC)
2026-02-26 22:41:14,AAG,AAG001,습도 센서,70.53,GPIO0(ADC)
2026-02-26 22:41:14,AAH,AAH001,CO2 센서,44.06,GPIO0(ADC)
2026-02-26 22:41:14,AAI,AAI001,수온 센서,63.41,GPIO0(ADC)
2026-02-26 22:41:14,AAJ,AAJ001,양액탱크 레벨 센서,53.64,GPIO0(ADC)
2026-02-26 22:46:16,AAA,AAA001,pH 센서,33.99,GPIO0(ADC)
2026-02-26 22:46:16,AAA,AAA002,EC 센서,66.99,GPIO1(ADC)
2026-02-26 22:46:16,AAB,AAB001,pH 센서,46.47,GPIO0(ADC)
2026-02-26 22:46:16,AAC,AAC001,수위 센서,63.82,GPIO0(ADC)
2026-02-26 22:46:16,AAD,AAD001,온도 센서,59.76,GPIO5
2026-02-26 22:46:16,AAE,AAE001,조도(PPFD) 센서,61.42,GPIO0(ADC)
2026-02-26 22:46:16,AAF,AAF001,DO(용존산소) 센서,48.21,GPIO0(ADC)
2026-02-26 22:46:16,AAG,AAG001,습도 센서,74.72,GPIO0(ADC)
2026-02-26 22:46:16,AAH,AAH001,CO2 센서,47.57,GPIO0(ADC)
2026-02-26 22:46:16,AAI,AAI001,수온 센서,52.02,GPIO0(ADC)
2026-02-26 22:46:16,AAJ,AAJ001,양액탱크 레벨 센서,51.66,GPIO0(ADC)
2026-02-26 22:51:18,AAA,AAA001,pH 센서,36.17,GPIO0(ADC)
2026-02-26 22:51:18,AAA,AAA002,EC 센서,40.37,GPIO1(ADC)
2026-02-26 22:51:18,AAB,AAB001,pH 센서,42.98,GPIO0(ADC)
2026-02-26 22:51:18,AAC,AAC001,수위 센서,61.97,GPIO0(ADC)
2026-02-26 22:51:18,AAD,AAD001,온도 센서,67.56,GPIO5
2026-02-26 22:51:18,AAE,AAE001,조도(PPFD) 센서,53.89,GPIO0(ADC)
2026-02-26 22:51:18,AAF,AAF001,DO(용존산소) 센서,45.08,GPIO0(ADC)
2026-02-26 22:51:18,AAG,AAG001,습도 센서,37.74,GPIO0(ADC)
2026-02-26 22:51:18,AAH,AAH001,CO2 센서,62.79,GPIO0(ADC)
2026-02-26 22:51:18,AAI,AAI001,수온 센서,76.89,GPIO0(ADC)
2026-02-26 22:51:18,AAJ,AAJ001,양액탱크 레벨 센서,42.33,GPIO0(ADC)
2026-02-26 22:56:20,AAA,AAA001,pH 센서,54.46,GPIO0(ADC)
2026-02-26 22:56:20,AAA,AAA002,EC 센서,48.07,GPIO1(ADC)
2026-02-26 22:56:20,AAB,AAB001,pH 센서,59.12,GPIO0(ADC)
2026-02-26 22:56:20,AAC,AAC001,수위 센서,39.43,GPIO0(ADC)
2026-02-26 22:56:20,AAD,AAD001,온도 센서,50.56,GPIO5
2026-02-26 22:56:20,AAE,AAE001,조도(PPFD) 센서,57.64,GPIO0(ADC)
2026-02-26 22:56:20,AAF,AAF001,DO(용존산소) 센서,52.25,GPIO0(ADC)
2026-02-26 22:56:20,AAG,AAG001,습도 센서,47.4,GPIO0(ADC)
2026-02-26 22:56:20,AAH,AAH001,CO2 센서,38.03,GPIO0(ADC)
2026-02-26 22:56:20,AAI,AAI001,수온 센서,40.47,GPIO0(ADC)
2026-02-26 22:56:20,AAJ,AAJ001,양액탱크 레벨 센서,67.37,GPIO0(ADC)
2026-02-26 23:01:22,AAA,AAA001,pH 센서,61.49,GPIO0(ADC)
2026-02-26 23:01:22,AAA,AAA002,EC 센서,35.81,GPIO1(ADC)
2026-02-26 23:01:22,AAB,AAB001,pH 센서,54.33,GPIO0(ADC)
2026-02-26 23:01:22,AAC,AAC001,수위 센서,61.17,GPIO0(ADC)
2026-02-26 23:01:22,AAD,AAD001,온도 센서,53.61,GPIO5
2026-02-26 23:01:22,AAE,AAE001,조도(PPFD) 센서,47.91,GPIO0(ADC)
2026-02-26 23:01:22,AAF,AAF001,DO(용존산소) 센서,56.19,GPIO0(ADC)
2026-02-26 23:01:22,AAG,AAG001,습도 센서,66.4,GPIO0(ADC)
2026-02-26 23:01:22,AAH,AAH001,CO2 센서,57.75,GPIO0(ADC)
2026-02-26 23:01:22,AAI,AAI001,수온 센서,62.96,GPIO0(ADC)
2026-02-26 23:01:22,AAJ,AAJ001,양액탱크 레벨 센서,64.26,GPIO0(ADC)
2026-02-26 23:06:24,AAA,AAA001,pH 센서,81.92,GPIO0(ADC)
2026-02-26 23:06:24,AAA,AAA002,EC 센서,46.5,GPIO1(ADC)
2026-02-26 23:06:24,AAB,AAB001,pH 센서,54.84,GPIO0(ADC)
2026-02-26 23:06:24,AAC,AAC001,수위 센서,62.72,GPIO0(ADC)
2026-02-26 23:06:24,AAD,AAD001,온도 센서,51.74,GPIO5
2026-02-26 23:06:24,AAE,AAE001,조도(PPFD) 센서,71.68,GPIO0(ADC)
2026-02-26 23:06:24,AAF,AAF001,DO(용존산소) 센서,47.52,GPIO0(ADC)
2026-02-26 23:06:24,AAG,AAG001,습도 센서,54.95,GPIO0(ADC)
2026-02-26 23:06:24,AAH,AAH001,CO2 센서,51.39,GPIO0(ADC)
2026-02-26 23:06:24,AAI,AAI001,수온 센서,47.23,GPIO0(ADC)
2026-02-26 23:06:24,AAJ,AAJ001,양액탱크 레벨 센서,51.53,GPIO0(ADC)
2026-02-26 23:11:26,AAA,AAA001,pH 센서,70.03,GPIO0(ADC)
2026-02-26 23:11:26,AAA,AAA002,EC 센서,46.46,GPIO1(ADC)
2026-02-26 23:11:26,AAB,AAB001,pH 센서,56.87,GPIO0(ADC)
2026-02-26 23:11:26,AAC,AAC001,수위 센서,52.46,GPIO0(ADC)
2026-02-26 23:11:26,AAD,AAD001,온도 센서,57.92,GPIO5
2026-02-26 23:11:26,AAE,AAE001,조도(PPFD) 센서,66.68,GPIO0(ADC)
2026-02-26 23:11:26,AAF,AAF001,DO(용존산소) 센서,68.58,GPIO0(ADC)
2026-02-26 23:11:26,AAG,AAG001,습도 센서,34.37,GPIO0(ADC)
2026-02-26 23:11:26,AAH,AAH001,CO2 센서,50.58,GPIO0(ADC)
2026-02-26 23:11:26,AAI,AAI001,수온 센서,40.07,GPIO0(ADC)
2026-02-26 23:11:26,AAJ,AAJ001,양액탱크 레벨 센서,50.39,GPIO0(ADC)
2026-02-26 23:16:28,AAA,AAA001,pH 센서,67.25,GPIO0(ADC)
2026-02-26 23:16:28,AAA,AAA002,EC 센서,44.33,GPIO1(ADC)
2026-02-26 23:16:28,AAB,AAB001,pH 센서,39.5,GPIO0(ADC)
2026-02-26 23:16:28,AAC,AAC001,수위 센서,57.93,GPIO0(ADC)
2026-02-26 23:16:28,AAD,AAD001,온도 센서,63.62,GPIO5
2026-02-26 23:16:28,AAE,AAE001,조도(PPFD) 센서,49.66,GPIO0(ADC)
2026-02-26 23:16:28,AAF,AAF001,DO(용존산소) 센서,49.71,GPIO0(ADC)
2026-02-26 23:16:28,AAG,AAG001,습도 센서,52.55,GPIO0(ADC)
2026-02-26 23:16:28,AAH,AAH001,CO2 센서,43.11,GPIO0(ADC)
2026-02-26 23:16:28,AAI,AAI001,수온 센서,64.89,GPIO0(ADC)
2026-02-26 23:16:28,AAJ,AAJ001,양액탱크 레벨 센서,44.22,GPIO0(ADC)
2026-02-26 23:21:30,AAA,AAA001,pH 센서,54.97,GPIO0(ADC)
2026-02-26 23:21:30,AAA,AAA002,EC 센서,69.57,GPIO1(ADC)
2026-02-26 23:21:30,AAB,AAB001,pH 센서,53.48,GPIO0(ADC)
2026-02-26 23:21:30,AAC,AAC001,수위 센서,40.6,GPIO0(ADC)
2026-02-26 23:21:30,AAD,AAD001,온도 센서,37.52,GPIO5
2026-02-26 23:21:30,AAE,AAE001,조도(PPFD) 센서,56.04,GPIO0(ADC)
2026-02-26 23:21:30,AAF,AAF001,DO(용존산소) 센서,38.44,GPIO0(ADC)
2026-02-26 23:21:30,AAG,AAG001,습도 센서,23.41,GPIO0(ADC)
2026-02-26 23:21:30,AAH,AAH001,CO2 센서,41.98,GPIO0(ADC)
2026-02-26 23:21:30,AAI,AAI001,수온 센서,41.67,GPIO0(ADC)
2026-02-26 23:21:30,AAJ,AAJ001,양액탱크 레벨 센서,40.73,GPIO0(ADC)
2026-02-26 23:26:32,AAA,AAA001,pH 센서,28.01,GPIO0(ADC)
2026-02-26 23:26:32,AAA,AAA002,EC 센서,37.57,GPIO1(ADC)
2026-02-26 23:26:32,AAB,AAB001,pH 센서,57.48,GPIO0(ADC)
2026-02-26 23:26:32,AAC,AAC001,수위 센서,58.18,GPIO0(ADC)
2026-02-26 23:26:32,AAD,AAD001,온도 센서,47.47,GPIO5
2026-02-26 23:26:32,AAE,AAE001,조도(PPFD) 센서,35.6,GPIO0(ADC)
2026-02-26 23:26:32,AAF,AAF001,DO(용존산소) 센서,33.5,GPIO0(ADC)
2026-02-26 23:26:32,AAG,AAG001,습도 센서,38.12,GPIO0(ADC)
2026-02-26 23:26:32,AAH,AAH001,CO2 센서,44.3,GPIO0(ADC)
2026-02-26 23:26:32,AAI,AAI001,수온 센서,45.94,GPIO0(ADC)
2026-02-26 23:26:32,AAJ,AAJ001,양액탱크 레벨 센서,65.52,GPIO0(ADC)
2026-02-26 23:31:34,AAA,AAA001,pH 센서,46.59,GPIO0(ADC)
2026-02-26 23:31:34,AAA,AAA002,EC 센서,58.58,GPIO1(ADC)
2026-02-26 23:31:34,AAB,AAB001,pH 센서,70.11,GPIO0(ADC)
2026-02-26 23:31:34,AAC,AAC001,수위 센서,59.68,GPIO0(ADC)
2026-02-26 23:31:34,AAD,AAD001,온도 센서,62.21,GPIO5
2026-02-26 23:31:34,AAE,AAE001,조도(PPFD) 센서,32.43,GPIO0(ADC)
2026-02-26 23:31:34,AAF,AAF001,DO(용존산소) 센서,41.14,GPIO0(ADC)
2026-02-26 23:31:34,AAG,AAG001,습도 센서,37.45,GPIO0(ADC)
2026-02-26 23:31:34,AAH,AAH001,CO2 센서,58.33,GPIO0(ADC)
2026-02-26 23:31:34,AAI,AAI001,수온 센서,65.71,GPIO0(ADC)
2026-02-26 23:31:34,AAJ,AAJ001,양액탱크 레벨 센서,46.98,GPIO0(ADC)
2026-02-26 23:36:36,AAA,AAA001,pH 센서,39.38,GPIO0(ADC)
2026-02-26 23:36:36,AAA,AAA002,EC 센서,73.3,GPIO1(ADC)
2026-02-26 23:36:36,AAB,AAB001,pH 센서,41.37,GPIO0(ADC)
2026-02-26 23:36:36,AAC,AAC001,수위 센서,48.44,GPIO0(ADC)
2026-02-26 23:36:36,AAD,AAD001,온도 센서,42.8,GPIO5
2026-02-26 23:36:36,AAE,AAE001,조도(PPFD) 센서,66.92,GPIO0(ADC)
2026-02-26 23:36:36,AAF,AAF001,DO(용존산소) 센서,46.18,GPIO0(ADC)
2026-02-26 23:36:36,AAG,AAG001,습도 센서,45.2,GPIO0(ADC)
2026-02-26 23:36:36,AAH,AAH001,CO2 센서,36.58,GPIO0(ADC)
2026-02-26 23:36:36,AAI,AAI001,수온 센서,68.88,GPIO0(ADC)
2026-02-26 23:36:36,AAJ,AAJ001,양액탱크 레벨 센서,51.03,GPIO0(ADC)
2026-02-26 23:41:37,AAA,AAA001,pH 센서,56.66,GPIO0(ADC)
2026-02-26 23:41:37,AAA,AAA002,EC 센서,76.07,GPIO1(ADC)
2026-02-26 23:41:37,AAB,AAB001,pH 센서,71.87,GPIO0(ADC)
2026-02-26 23:41:37,AAC,AAC001,수위 센서,31.08,GPIO0(ADC)
2026-02-26 23:41:37,AAD,AAD001,온도 센서,49.15,GPIO5
2026-02-26 23:41:37,AAE,AAE001,조도(PPFD) 센서,41.2,GPIO0(ADC)
2026-02-26 23:41:37,AAF,AAF001,DO(용존산소) 센서,61.24,GPIO0(ADC)
2026-02-26 23:41:37,AAG,AAG001,습도 센서,73.2,GPIO0(ADC)
2026-02-26 23:41:37,AAH,AAH001,CO2 센서,48.21,GPIO0(ADC)
2026-02-26 23:41:37,AAI,AAI001,수온 센서,41.92,GPIO0(ADC)
2026-02-26 23:41:37,AAJ,AAJ001,양액탱크 레벨 센서,44.32,GPIO0(ADC)
2026-02-26 23:46:39,AAA,AAA001,pH 센서,45.44,GPIO0(ADC)
2026-02-26 23:46:39,AAA,AAA002,EC 센서,31.08,GPIO1(ADC)
2026-02-26 23:46:39,AAB,AAB001,pH 센서,41.38,GPIO0(ADC)
2026-02-26 23:46:39,AAC,AAC001,수위 센서,43.56,GPIO0(ADC)
2026-02-26 23:46:39,AAD,AAD001,온도 센서,57.86,GPIO5
2026-02-26 23:46:39,AAE,AAE001,조도(PPFD) 센서,47.97,GPIO0(ADC)
2026-02-26 23:46:39,AAF,AAF001,DO(용존산소) 센서,62.08,GPIO0(ADC)
2026-02-26 23:46:39,AAG,AAG001,습도 센서,51.74,GPIO0(ADC)
2026-02-26 23:46:39,AAH,AAH001,CO2 센서,62.34,GPIO0(ADC)
2026-02-26 23:46:39,AAI,AAI001,수온 센서,56.73,GPIO0(ADC)
2026-02-26 23:46:39,AAJ,AAJ001,양액탱크 레벨 센서,44.95,GPIO0(ADC)
2026-02-26 23:51:41,AAA,AAA001,pH 센서,24.83,GPIO0(ADC)
2026-02-26 23:51:41,AAA,AAA002,EC 센서,22.05,GPIO1(ADC)
2026-02-26 23:51:41,AAB,AAB001,pH 센서,68.6,GPIO0(ADC)
2026-02-26 23:51:41,AAC,AAC001,수위 센서,42.49,GPIO0(ADC)
2026-02-26 23:51:41,AAD,AAD001,온도 센서,46.31,GPIO5
2026-02-26 23:51:41,AAE,AAE001,조도(PPFD) 센서,76.18,GPIO0(ADC)
2026-02-26 23:51:41,AAF,AAF001,DO(용존산소) 센서,47.47,GPIO0(ADC)
2026-02-26 23:51:41,AAG,AAG001,습도 센서,53.75,GPIO0(ADC)
2026-02-26 23:51:41,AAH,AAH001,CO2 센서,50.93,GPIO0(ADC)
2026-02-26 23:51:41,AAI,AAI001,수온 센서,35.37,GPIO0(ADC)
2026-02-26 23:51:41,AAJ,AAJ001,양액탱크 레벨 센서,50.26,GPIO0(ADC)
2026-02-26 23:56:43,AAA,AAA001,pH 센서,40.28,GPIO0(ADC)
2026-02-26 23:56:43,AAA,AAA002,EC 센서,38.41,GPIO1(ADC)
2026-02-26 23:56:43,AAB,AAB001,pH 센서,69.0,GPIO0(ADC)
2026-02-26 23:56:43,AAC,AAC001,수위 센서,80.48,GPIO0(ADC)
2026-02-26 23:56:43,AAD,AAD001,온도 센서,54.85,GPIO5
2026-02-26 23:56:43,AAE,AAE001,조도(PPFD) 센서,37.75,GPIO0(ADC)
2026-02-26 23:56:43,AAF,AAF001,DO(용존산소) 센서,36.14,GPIO0(ADC)
2026-02-26 23:56:43,AAG,AAG001,습도 센서,67.43,GPIO0(ADC)
2026-02-26 23:56:43,AAH,AAH001,CO2 센서,61.72,GPIO0(ADC)
2026-02-26 23:56:43,AAI,AAI001,수온 센서,68.32,GPIO0(ADC)
2026-02-26 23:56:43,AAJ,AAJ001,양액탱크 레벨 센서,60.29,GPIO0(ADC)
2026-02-27 00:01:45,AAA,AAA001,pH 센서,41.8,GPIO0(ADC)
2026-02-27 00:01:45,AAA,AAA002,EC 센서,41.43,GPIO1(ADC)
2026-02-27 00:01:45,AAB,AAB001,pH 센서,36.49,GPIO0(ADC)
2026-02-27 00:01:45,AAC,AAC001,수위 센서,50.73,GPIO0(ADC)
2026-02-27 00:01:45,AAD,AAD001,온도 센서,42.34,GPIO5
2026-02-27 00:01:45,AAE,AAE001,조도(PPFD) 센서,39.37,GPIO0(ADC)
2026-02-27 00:01:45,AAF,AAF001,DO(용존산소) 센서,38.87,GPIO0(ADC)
2026-02-27 00:01:45,AAG,AAG001,습도 센서,62.96,GPIO0(ADC)
2026-02-27 00:01:45,AAH,AAH001,CO2 센서,61.31,GPIO0(ADC)
2026-02-27 00:01:45,AAI,AAI001,수온 센서,44.58,GPIO0(ADC)
2026-02-27 00:01:45,AAJ,AAJ001,양액탱크 레벨 센서,47.83,GPIO0(ADC)
2026-02-27 00:06:47,AAA,AAA001,pH 센서,45.04,GPIO0(ADC)
2026-02-27 00:06:47,AAA,AAA002,EC 센서,43.97,GPIO1(ADC)
2026-02-27 00:06:47,AAB,AAB001,pH 센서,50.56,GPIO0(ADC)
2026-02-27 00:06:47,AAC,AAC001,수위 센서,72.67,GPIO0(ADC)
2026-02-27 00:06:47,AAD,AAD001,온도 센서,63.43,GPIO5
2026-02-27 00:06:47,AAE,AAE001,조도(PPFD) 센서,41.9,GPIO0(ADC)
2026-02-27 00:06:47,AAF,AAF001,DO(용존산소) 센서,47.8,GPIO0(ADC)
2026-02-27 00:06:47,AAG,AAG001,습도 센서,47.18,GPIO0(ADC)
2026-02-27 00:06:47,AAH,AAH001,CO2 센서,61.13,GPIO0(ADC)
2026-02-27 00:06:47,AAI,AAI001,수온 센서,58.41,GPIO0(ADC)
2026-02-27 00:06:47,AAJ,AAJ001,양액탱크 레벨 센서,14.78,GPIO0(ADC)
2026-02-27 00:11:49,AAA,AAA001,pH 센서,36.48,GPIO0(ADC)
2026-02-27 00:11:49,AAA,AAA002,EC 센서,40.32,GPIO1(ADC)
2026-02-27 00:11:49,AAB,AAB001,pH 센서,51.18,GPIO0(ADC)
2026-02-27 00:11:49,AAC,AAC001,수위 센서,33.18,GPIO0(ADC)
2026-02-27 00:11:49,AAD,AAD001,온도 센서,59.0,GPIO5
2026-02-27 00:11:49,AAE,AAE001,조도(PPFD) 센서,41.89,GPIO0(ADC)
2026-02-27 00:11:49,AAF,AAF001,DO(용존산소) 센서,82.92,GPIO0(ADC)
2026-02-27 00:11:49,AAG,AAG001,습도 센서,68.5,GPIO0(ADC)
2026-02-27 00:11:49,AAH,AAH001,CO2 센서,66.63,GPIO0(ADC)
2026-02-27 00:11:49,AAI,AAI001,수온 센서,45.56,GPIO0(ADC)
2026-02-27 00:11:49,AAJ,AAJ001,양액탱크 레벨 센서,46.43,GPIO0(ADC)
2026-02-27 19:17:28,AAA,AAA001,pH 센서,23.38,GPIO0(ADC)
2026-02-27 19:17:28,AAA,AAA002,EC 센서,58.51,GPIO1(ADC)
2026-02-27 19:17:28,AAB,AAB001,pH 센서,71.61,GPIO0(ADC)
2026-02-27 19:17:28,AAC,AAC001,수위 센서,35.97,GPIO0(ADC)
2026-02-27 19:17:28,AAD,AAD001,온도 센서,24.93,GPIO5
2026-02-27 19:17:28,AAE,AAE001,조도(PPFD) 센서,56.5,GPIO0(ADC)
2026-02-27 19:17:28,AAF,AAF001,DO(용존산소) 센서,63.45,GPIO0(ADC)
2026-02-27 19:17:28,AAG,AAG001,습도 센서,43.75,GPIO0(ADC)
2026-02-27 19:17:28,AAH,AAH001,CO2 센서,21.13,GPIO0(ADC)
2026-02-27 19:17:28,AAI,AAI001,수온 센서,44.19,GPIO0(ADC)
2026-02-27 19:17:28,AAJ,AAJ001,양액탱크 레벨 센서,64.54,GPIO0(ADC)
2026-02-27 19:22:30,AAA,AAA001,pH 센서,18.98,GPIO0(ADC)
2026-02-27 19:22:30,AAA,AAA002,EC 센서,46.11,GPIO1(ADC)
2026-02-27 19:22:30,AAB,AAB001,pH 센서,28.03,GPIO0(ADC)
2026-02-27 19:22:30,AAC,AAC001,수위 센서,63.36,GPIO0(ADC)
2026-02-27 19:22:30,AAD,AAD001,온도 센서,38.68,GPIO5
2026-02-27 19:22:30,AAE,AAE001,조도(PPFD) 센서,45.07,GPIO0(ADC)
2026-02-27 19:22:30,AAF,AAF001,DO(용존산소) 센서,68.95,GPIO0(ADC)
2026-02-27 19:22:30,AAG,AAG001,습도 센서,68.65,GPIO0(ADC)
2026-02-27 19:22:30,AAH,AAH001,CO2 센서,62.7,GPIO0(ADC)
2026-02-27 19:22:30,AAI,AAI001,수온 센서,67.68,GPIO0(ADC)
2026-02-27 19:22:30,AAJ,AAJ001,양액탱크 레벨 센서,51.89,GPIO0(ADC)
2026-02-27 19:27:32,AAA,AAA001,pH 센서,61.14,GPIO0(ADC)
2026-02-27 19:27:32,AAA,AAA002,EC 센서,69.85,GPIO1(ADC)
2026-02-27 19:27:32,AAB,AAB001,pH 센서,33.24,GPIO0(ADC)
2026-02-27 19:27:32,AAC,AAC001,수위 센서,34.69,GPIO0(ADC)
2026-02-27 19:27:32,AAD,AAD001,온도 센서,46.08,GPIO5
2026-02-27 19:27:32,AAE,AAE001,조도(PPFD) 센서,61.95,GPIO0(ADC)
2026-02-27 19:27:32,AAF,AAF001,DO(용존산소) 센서,46.64,GPIO0(ADC)
2026-02-27 19:27:32,AAG,AAG001,습도 센서,73.19,GPIO0(ADC)
2026-02-27 19:27:32,AAH,AAH001,CO2 센서,29.71,GPIO0(ADC)
2026-02-27 19:27:32,AAI,AAI001,수온 센서,70.65,GPIO0(ADC)
2026-02-27 19:27:32,AAJ,AAJ001,양액탱크 레벨 센서,40.24,GPIO0(ADC)
2026-02-27 19:32:34,AAA,AAA001,pH 센서,34.56,GPIO0(ADC)
2026-02-27 19:32:34,AAA,AAA002,EC 센서,56.84,GPIO1(ADC)
2026-02-27 19:32:34,AAB,AAB001,pH 센서,19.74,GPIO0(ADC)
2026-02-27 19:32:34,AAC,AAC001,수위 센서,43.82,GPIO0(ADC)
2026-02-27 19:32:34,AAD,AAD001,온도 센서,63.46,GPIO5
2026-02-27 19:32:34,AAE,AAE001,조도(PPFD) 센서,45.87,GPIO0(ADC)
2026-02-27 19:32:34,AAF,AAF001,DO(용존산소) 센서,44.99,GPIO0(ADC)
2026-02-27 19:32:34,AAG,AAG001,습도 센서,52.54,GPIO0(ADC)
2026-02-27 19:32:34,AAH,AAH001,CO2 센서,69.85,GPIO0(ADC)
2026-02-27 19:32:34,AAI,AAI001,수온 센서,15.31,GPIO0(ADC)
2026-02-27 19:32:34,AAJ,AAJ001,양액탱크 레벨 센서,62.53,GPIO0(ADC)
2026-02-27 19:37:36,AAA,AAA001,pH 센서,50.08,GPIO0(ADC)
2026-02-27 19:37:36,AAA,AAA002,EC 센서,55.88,GPIO1(ADC)
2026-02-27 19:37:36,AAB,AAB001,pH 센서,49.48,GPIO0(ADC)
2026-02-27 19:37:36,AAC,AAC001,수위 센서,37.71,GPIO0(ADC)
2026-02-27 19:37:36,AAD,AAD001,온도 센서,43.5,GPIO5
2026-02-27 19:37:36,AAE,AAE001,조도(PPFD) 센서,54.29,GPIO0(ADC)
2026-02-27 19:37:36,AAF,AAF001,DO(용존산소) 센서,61.8,GPIO0(ADC)
2026-02-27 19:37:36,AAG,AAG001,습도 센서,56.74,GPIO0(ADC)
2026-02-27 19:37:36,AAH,AAH001,CO2 센서,28.62,GPIO0(ADC)
2026-02-27 19:37:36,AAI,AAI001,수온 센서,82.43,GPIO0(ADC)
2026-02-27 19:37:36,AAJ,AAJ001,양액탱크 레벨 센서,50.92,GPIO0(ADC)
2026-02-27 19:42:38,AAA,AAA001,pH 센서,50.96,GPIO0(ADC)
2026-02-27 19:42:38,AAA,AAA002,EC 센서,62.02,GPIO1(ADC)
2026-02-27 19:42:38,AAB,AAB001,pH 센서,53.17,GPIO0(ADC)
2026-02-27 19:42:38,AAC,AAC001,수위 센서,35.23,GPIO0(ADC)
2026-02-27 19:42:38,AAD,AAD001,온도 센서,61.65,GPIO5
2026-02-27 19:42:38,AAE,AAE001,조도(PPFD) 센서,55.38,GPIO0(ADC)
2026-02-27 19:42:38,AAF,AAF001,DO(용존산소) 센서,65.69,GPIO0(ADC)
2026-02-27 19:42:38,AAG,AAG001,습도 센서,42.72,GPIO0(ADC)
2026-02-27 19:42:38,AAH,AAH001,CO2 센서,45.49,GPIO0(ADC)
2026-02-27 19:42:38,AAI,AAI001,수온 센서,51.77,GPIO0(ADC)
2026-02-27 19:42:38,AAJ,AAJ001,양액탱크 레벨 센서,51.43,GPIO0(ADC)
2026-02-27 19:47:40,AAA,AAA001,pH 센서,63.17,GPIO0(ADC)
2026-02-27 19:47:40,AAA,AAA002,EC 센서,32.32,GPIO1(ADC)
2026-02-27 19:47:40,AAB,AAB001,pH 센서,51.64,GPIO0(ADC)
2026-02-27 19:47:40,AAC,AAC001,수위 센서,41.78,GPIO0(ADC)
2026-02-27 19:47:40,AAD,AAD001,온도 센서,60.37,GPIO5
2026-02-27 19:47:40,AAE,AAE001,조도(PPFD) 센서,57.54,GPIO0(ADC)
2026-02-27 19:47:40,AAF,AAF001,DO(용존산소) 센서,53.0,GPIO0(ADC)
2026-02-27 19:47:40,AAG,AAG001,습도 센서,54.05,GPIO0(ADC)
2026-02-27 19:47:40,AAH,AAH001,CO2 센서,28.67,GPIO0(ADC)
2026-02-27 19:47:40,AAI,AAI001,수온 센서,52.92,GPIO0(ADC)
2026-02-27 19:47:40,AAJ,AAJ001,양액탱크 레벨 센서,10.48,GPIO0(ADC)
2026-02-27 19:52:42,AAA,AAA001,pH 센서,70.66,GPIO0(ADC)
2026-02-27 19:52:42,AAA,AAA002,EC 센서,32.98,GPIO1(ADC)
2026-02-27 19:52:42,AAB,AAB001,pH 센서,42.8,GPIO0(ADC)
2026-02-27 19:52:42,AAC,AAC001,수위 센서,55.25,GPIO0(ADC)
2026-02-27 19:52:42,AAD,AAD001,온도 센서,37.85,GPIO5
2026-02-27 19:52:42,AAE,AAE001,조도(PPFD) 센서,62.76,GPIO0(ADC)
2026-02-27 19:52:42,AAF,AAF001,DO(용존산소) 센서,35.86,GPIO0(ADC)
2026-02-27 19:52:42,AAG,AAG001,습도 센서,64.16,GPIO0(ADC)
2026-02-27 19:52:42,AAH,AAH001,CO2 센서,49.22,GPIO0(ADC)
2026-02-27 19:52:42,AAI,AAI001,수온 센서,49.21,GPIO0(ADC)
2026-02-27 19:52:42,AAJ,AAJ001,양액탱크 레벨 센서,49.79,GPIO0(ADC)
2026-02-27 19:57:44,AAA,AAA001,pH 센서,50.74,GPIO0(ADC)
2026-02-27 19:57:44,AAA,AAA002,EC 센서,59.4,GPIO1(ADC)
2026-02-27 19:57:44,AAB,AAB001,pH 센서,41.07,GPIO0(ADC)
2026-02-27 19:57:44,AAC,AAC001,수위 센서,73.43,GPIO0(ADC)
2026-02-27 19:57:44,AAD,AAD001,온도 센서,51.76,GPIO5
2026-02-27 19:57:44,AAE,AAE001,조도(PPFD) 센서,74.64,GPIO0(ADC)
2026-02-27 19:57:44,AAF,AAF001,DO(용존산소) 센서,60.95,GPIO0(ADC)
2026-02-27 19:57:44,AAG,AAG001,습도 센서,34.24,GPIO0(ADC)
2026-02-27 19:57:44,AAH,AAH001,CO2 센서,74.22,GPIO0(ADC)
2026-02-27 19:57:44,AAI,AAI001,수온 센서,52.07,GPIO0(ADC)
2026-02-27 19:57:44,AAJ,AAJ001,양액탱크 레벨 센서,38.62,GPIO0(ADC)
2026-02-27 20:02:46,AAA,AAA001,pH 센서,39.37,GPIO0(ADC)
2026-02-27 20:02:46,AAA,AAA002,EC 센서,62.98,GPIO1(ADC)
2026-02-27 20:02:46,AAB,AAB001,pH 센서,45.81,GPIO0(ADC)
2026-02-27 20:02:46,AAC,AAC001,수위 센서,52.37,GPIO0(ADC)
2026-02-27 20:02:46,AAD,AAD001,온도 센서,25.97,GPIO5
2026-02-27 20:02:46,AAE,AAE001,조도(PPFD) 센서,42.05,GPIO0(ADC)
2026-02-27 20:02:46,AAF,AAF001,DO(용존산소) 센서,47.34,GPIO0(ADC)
2026-02-27 20:02:46,AAG,AAG001,습도 센서,57.2,GPIO0(ADC)
2026-02-27 20:02:46,AAH,AAH001,CO2 센서,62.92,GPIO0(ADC)
2026-02-27 20:02:46,AAI,AAI001,수온 센서,48.54,GPIO0(ADC)
2026-02-27 20:02:46,AAJ,AAJ001,양액탱크 레벨 센서,33.45,GPIO0(ADC)
2026-02-27 20:07:48,AAA,AAA001,pH 센서,49.95,GPIO0(ADC)
2026-02-27 20:07:48,AAA,AAA002,EC 센서,46.02,GPIO1(ADC)
2026-02-27 20:07:48,AAB,AAB001,pH 센서,47.4,GPIO0(ADC)
2026-02-27 20:07:48,AAC,AAC001,수위 센서,52.85,GPIO0(ADC)
2026-02-27 20:07:48,AAD,AAD001,온도 센서,25.58,GPIO5
2026-02-27 20:07:48,AAE,AAE001,조도(PPFD) 센서,29.54,GPIO0(ADC)
2026-02-27 20:07:48,AAF,AAF001,DO(용존산소) 센서,54.7,GPIO0(ADC)
2026-02-27 20:07:48,AAG,AAG001,습도 센서,49.29,GPIO0(ADC)
2026-02-27 20:07:48,AAH,AAH001,CO2 센서,52.19,GPIO0(ADC)
2026-02-27 20:07:48,AAI,AAI001,수온 센서,39.36,GPIO0(ADC)
2026-02-27 20:07:48,AAJ,AAJ001,양액탱크 레벨 센서,67.15,GPIO0(ADC)
2026-02-27 20:12:50,AAA,AAA001,pH 센서,48.39,GPIO0(ADC)
2026-02-27 20:12:50,AAA,AAA002,EC 센서,58.55,GPIO1(ADC)
2026-02-27 20:12:50,AAB,AAB001,pH 센서,63.88,GPIO0(ADC)
2026-02-27 20:12:50,AAC,AAC001,수위 센서,31.69,GPIO0(ADC)
2026-02-27 20:12:50,AAD,AAD001,온도 센서,31.57,GPIO5
2026-02-27 20:12:50,AAE,AAE001,조도(PPFD) 센서,53.21,GPIO0(ADC)
2026-02-27 20:12:50,AAF,AAF001,DO(용존산소) 센서,55.62,GPIO0(ADC)
2026-02-27 20:12:50,AAG,AAG001,습도 센서,59.18,GPIO0(ADC)
2026-02-27 20:12:50,AAH,AAH001,CO2 센서,44.85,GPIO0(ADC)
2026-02-27 20:12:50,AAI,AAI001,수온 센서,45.59,GPIO0(ADC)
2026-02-27 20:12:50,AAJ,AAJ001,양액탱크 레벨 센서,36.89,GPIO0(ADC)
2026-02-27 20:17:52,AAA,AAA001,pH 센서,52.66,GPIO0(ADC)
2026-02-27 20:17:52,AAA,AAA002,EC 센서,43.95,GPIO1(ADC)
2026-02-27 20:17:52,AAB,AAB001,pH 센서,58.6,GPIO0(ADC)
2026-02-27 20:17:52,AAC,AAC001,수위 센서,62.01,GPIO0(ADC)
2026-02-27 20:17:52,AAD,AAD001,온도 센서,50.81,GPIO5
2026-02-27 20:17:52,AAE,AAE001,조도(PPFD) 센서,67.24,GPIO0(ADC)
2026-02-27 20:17:52,AAF,AAF001,DO(용존산소) 센서,25.31,GPIO0(ADC)
2026-02-27 20:17:52,AAG,AAG001,습도 센서,50.65,GPIO0(ADC)
2026-02-27 20:17:52,AAH,AAH001,CO2 센서,37.13,GPIO0(ADC)
2026-02-27 20:17:52,AAI,AAI001,수온 센서,54.68,GPIO0(ADC)
2026-02-27 20:17:52,AAJ,AAJ001,양액탱크 레벨 센서,30.56,GPIO0(ADC)
2026-02-27 20:22:54,AAA,AAA001,pH 센서,30.52,GPIO0(ADC)
2026-02-27 20:22:54,AAA,AAA002,EC 센서,44.08,GPIO1(ADC)
2026-02-27 20:22:54,AAB,AAB001,pH 센서,20.44,GPIO0(ADC)
2026-02-27 20:22:54,AAC,AAC001,수위 센서,41.23,GPIO0(ADC)
2026-02-27 20:22:54,AAD,AAD001,온도 센서,52.41,GPIO5
2026-02-27 20:22:54,AAE,AAE001,조도(PPFD) 센서,54.29,GPIO0(ADC)
2026-02-27 20:22:54,AAF,AAF001,DO(용존산소) 센서,45.39,GPIO0(ADC)
2026-02-27 20:22:54,AAG,AAG001,습도 센서,40.61,GPIO0(ADC)
2026-02-27 20:22:54,AAH,AAH001,CO2 센서,49.17,GPIO0(ADC)
2026-02-27 20:22:54,AAI,AAI001,수온 센서,66.91,GPIO0(ADC)
2026-02-27 20:22:54,AAJ,AAJ001,양액탱크 레벨 센서,27.16,GPIO0(ADC)
2026-02-27 20:27:56,AAA,AAA001,pH 센서,71.86,GPIO0(ADC)
2026-02-27 20:27:56,AAA,AAA002,EC 센서,41.34,GPIO1(ADC)
2026-02-27 20:27:56,AAB,AAB001,pH 센서,52.69,GPIO0(ADC)
2026-02-27 20:27:56,AAC,AAC001,수위 센서,60.65,GPIO0(ADC)
2026-02-27 20:27:56,AAD,AAD001,온도 센서,57.79,GPIO5
2026-02-27 20:27:56,AAE,AAE001,조도(PPFD) 센서,60.39,GPIO0(ADC)
2026-02-27 20:27:56,AAF,AAF001,DO(용존산소) 센서,57.65,GPIO0(ADC)
2026-02-27 20:27:56,AAG,AAG001,습도 센서,49.09,GPIO0(ADC)
2026-02-27 20:27:56,AAH,AAH001,CO2 센서,43.3,GPIO0(ADC)
2026-02-27 20:27:56,AAI,AAI001,수온 센서,39.95,GPIO0(ADC)
2026-02-27 20:27:56,AAJ,AAJ001,양액탱크 레벨 센서,45.61,GPIO0(ADC)
2026-02-27 20:32:58,AAA,AAA001,pH 센서,48.29,GPIO0(ADC)
2026-02-27 20:32:58,AAA,AAA002,EC 센서,70.34,GPIO1(ADC)
2026-02-27 20:32:58,AAB,AAB001,pH 센서,40.06,GPIO0(ADC)
2026-02-27 20:32:58,AAC,AAC001,수위 센서,54.03,GPIO0(ADC)
2026-02-27 20:32:58,AAD,AAD001,온도 센서,42.39,GPIO5
2026-02-27 20:32:58,AAE,AAE001,조도(PPFD) 센서,68.15,GPIO0(ADC)
2026-02-27 20:32:58,AAF,AAF001,DO(용존산소) 센서,57.34,GPIO0(ADC)
2026-02-27 20:32:58,AAG,AAG001,습도 센서,62.37,GPIO0(ADC)
2026-02-27 20:32:58,AAH,AAH001,CO2 센서,19.56,GPIO0(ADC)
2026-02-27 20:32:58,AAI,AAI001,수온 센서,52.0,GPIO0(ADC)
2026-02-27 20:32:58,AAJ,AAJ001,양액탱크 레벨 센서,60.3,GPIO0(ADC)
2026-02-27 20:38:00,AAA,AAA001,pH 센서,72.58,GPIO0(ADC)
2026-02-27 20:38:00,AAA,AAA002,EC 센서,64.79,GPIO1(ADC)
2026-02-27 20:38:00,AAB,AAB001,pH 센서,66.56,GPIO0(ADC)
2026-02-27 20:38:00,AAC,AAC001,수위 센서,48.56,GPIO0(ADC)
2026-02-27 20:38:00,AAD,AAD001,온도 센서,47.88,GPIO5
2026-02-27 20:38:00,AAE,AAE001,조도(PPFD) 센서,70.53,GPIO0(ADC)
2026-02-27 20:38:00,AAF,AAF001,DO(용존산소) 센서,63.67,GPIO0(ADC)
2026-02-27 20:38:00,AAG,AAG001,습도 센서,58.52,GPIO0(ADC)
2026-02-27 20:38:00,AAH,AAH001,CO2 센서,32.64,GPIO0(ADC)
2026-02-27 20:38:00,AAI,AAI001,수온 센서,57.99,GPIO0(ADC)
2026-02-27 20:38:00,AAJ,AAJ001,양액탱크 레벨 센서,64.05,GPIO0(ADC)
2026-02-27 20:43:02,AAA,AAA001,pH 센서,48.6,GPIO0(ADC)
2026-02-27 20:43:02,AAA,AAA002,EC 센서,41.81,GPIO1(ADC)
2026-02-27 20:43:02,AAB,AAB001,pH 센서,53.73,GPIO0(ADC)
2026-02-27 20:43:02,AAC,AAC001,수위 센서,66.41,GPIO0(ADC)
2026-02-27 20:43:02,AAD,AAD001,온도 센서,49.21,GPIO5
2026-02-27 20:43:02,AAE,AAE001,조도(PPFD) 센서,57.32,GPIO0(ADC)
2026-02-27 20:43:02,AAF,AAF001,DO(용존산소) 센서,55.15,GPIO0(ADC)
2026-02-27 20:43:02,AAG,AAG001,습도 센서,22.26,GPIO0(ADC)
2026-02-27 20:43:02,AAH,AAH001,CO2 센서,29.31,GPIO0(ADC)
2026-02-27 20:43:02,AAI,AAI001,수온 센서,58.79,GPIO0(ADC)
2026-02-27 20:43:02,AAJ,AAJ001,양액탱크 레벨 센서,53.34,GPIO0(ADC)
2026-02-27 20:48:04,AAA,AAA001,pH 센서,29.72,GPIO0(ADC)
2026-02-27 20:48:04,AAA,AAA002,EC 센서,36.35,GPIO1(ADC)
2026-02-27 20:48:04,AAB,AAB001,pH 센서,31.72,GPIO0(ADC)
2026-02-27 20:48:04,AAC,AAC001,수위 센서,34.61,GPIO0(ADC)
2026-02-27 20:48:04,AAD,AAD001,온도 센서,34.64,GPIO5
2026-02-27 20:48:04,AAE,AAE001,조도(PPFD) 센서,53.58,GPIO0(ADC)
2026-02-27 20:48:04,AAF,AAF001,DO(용존산소) 센서,57.46,GPIO0(ADC)
2026-02-27 20:48:04,AAG,AAG001,습도 센서,36.4,GPIO0(ADC)
2026-02-27 20:48:04,AAH,AAH001,CO2 센서,52.79,GPIO0(ADC)
2026-02-27 20:48:04,AAI,AAI001,수온 센서,55.76,GPIO0(ADC)
2026-02-27 20:48:04,AAJ,AAJ001,양액탱크 레벨 센서,24.84,GPIO0(ADC)
2026-02-27 20:53:06,AAA,AAA001,pH 센서,73.18,GPIO0(ADC)
2026-02-27 20:53:06,AAA,AAA002,EC 센서,53.26,GPIO1(ADC)
2026-02-27 20:53:06,AAB,AAB001,pH 센서,36.08,GPIO0(ADC)
2026-02-27 20:53:06,AAC,AAC001,수위 센서,54.62,GPIO0(ADC)
2026-02-27 20:53:06,AAD,AAD001,온도 센서,48.88,GPIO5
2026-02-27 20:53:06,AAE,AAE001,조도(PPFD) 센서,54.0,GPIO0(ADC)
2026-02-27 20:53:06,AAF,AAF001,DO(용존산소) 센서,47.09,GPIO0(ADC)
2026-02-27 20:53:06,AAG,AAG001,습도 센서,43.3,GPIO0(ADC)
2026-02-27 20:53:06,AAH,AAH001,CO2 센서,59.02,GPIO0(ADC)
2026-02-27 20:53:06,AAI,AAI001,수온 센서,54.66,GPIO0(ADC)
2026-02-27 20:53:06,AAJ,AAJ001,양액탱크 레벨 센서,38.77,GPIO0(ADC)
2026-02-27 20:58:08,AAA,AAA001,pH 센서,49.87,GPIO0(ADC)
2026-02-27 20:58:08,AAA,AAA002,EC 센서,28.47,GPIO1(ADC)
2026-02-27 20:58:08,AAB,AAB001,pH 센서,66.43,GPIO0(ADC)
2026-02-27 20:58:08,AAC,AAC001,수위 센서,57.99,GPIO0(ADC)
2026-02-27 20:58:08,AAD,AAD001,온도 센서,62.71,GPIO5
2026-02-27 20:58:08,AAE,AAE001,조도(PPFD) 센서,61.17,GPIO0(ADC)
2026-02-27 20:58:08,AAF,AAF001,DO(용존산소) 센서,51.65,GPIO0(ADC)
2026-02-27 20:58:08,AAG,AAG001,습도 센서,67.31,GPIO0(ADC)
2026-02-27 20:58:08,AAH,AAH001,CO2 센서,71.53,GPIO0(ADC)
2026-02-27 20:58:08,AAI,AAI001,수온 센서,27.36,GPIO0(ADC)
2026-02-27 20:58:08,AAJ,AAJ001,양액탱크 레벨 센서,55.21,GPIO0(ADC)
2026-02-27 21:03:10,AAA,AAA001,pH 센서,51.23,GPIO0(ADC)
2026-02-27 21:03:10,AAA,AAA002,EC 센서,63.95,GPIO1(ADC)
2026-02-27 21:03:10,AAB,AAB001,pH 센서,69.43,GPIO0(ADC)
2026-02-27 21:03:10,AAC,AAC001,수위 센서,47.81,GPIO0(ADC)
2026-02-27 21:03:10,AAD,AAD001,온도 센서,29.72,GPIO5
2026-02-27 21:03:10,AAE,AAE001,조도(PPFD) 센서,20.05,GPIO0(ADC)
2026-02-27 21:03:10,AAF,AAF001,DO(용존산소) 센서,50.22,GPIO0(ADC)
2026-02-27 21:03:10,AAG,AAG001,습도 센서,38.54,GPIO0(ADC)
2026-02-27 21:03:10,AAH,AAH001,CO2 센서,51.14,GPIO0(ADC)
2026-02-27 21:03:10,AAI,AAI001,수온 센서,51.35,GPIO0(ADC)
2026-02-27 21:03:10,AAJ,AAJ001,양액탱크 레벨 센서,31.61,GPIO0(ADC)
2026-02-27 21:08:12,AAA,AAA001,pH 센서,36.33,GPIO0(ADC)
2026-02-27 21:08:12,AAA,AAA002,EC 센서,52.73,GPIO1(ADC)
2026-02-27 21:08:12,AAB,AAB001,pH 센서,37.67,GPIO0(ADC)
2026-02-27 21:08:12,AAC,AAC001,수위 센서,58.58,GPIO0(ADC)
2026-02-27 21:08:12,AAD,AAD001,온도 센서,63.25,GPIO5
2026-02-27 21:08:12,AAE,AAE001,조도(PPFD) 센서,42.33,GPIO0(ADC)
2026-02-27 21:08:12,AAF,AAF001,DO(용존산소) 센서,57.8,GPIO0(ADC)
2026-02-27 21:08:12,AAG,AAG001,습도 센서,63.46,GPIO0(ADC)
2026-02-27 21:08:12,AAH,AAH001,CO2 센서,50.08,GPIO0(ADC)
2026-02-27 21:08:12,AAI,AAI001,수온 센서,50.51,GPIO0(ADC)
2026-02-27 21:08:12,AAJ,AAJ001,양액탱크 레벨 센서,37.28,GPIO0(ADC)
2026-02-27 21:13:14,AAA,AAA001,pH 센서,40.76,GPIO0(ADC)
2026-02-27 21:13:14,AAA,AAA002,EC 센서,43.56,GPIO1(ADC)
2026-02-27 21:13:14,AAB,AAB001,pH 센서,54.3,GPIO0(ADC)
2026-02-27 21:13:14,AAC,AAC001,수위 센서,54.79,GPIO0(ADC)
2026-02-27 21:13:14,AAD,AAD001,온도 센서,33.79,GPIO5
2026-02-27 21:13:14,AAE,AAE001,조도(PPFD) 센서,19.44,GPIO0(ADC)
2026-02-27 21:13:14,AAF,AAF001,DO(용존산소) 센서,69.01,GPIO0(ADC)
2026-02-27 21:13:14,AAG,AAG001,습도 센서,48.04,GPIO0(ADC)
2026-02-27 21:13:14,AAH,AAH001,CO2 센서,52.99,GPIO0(ADC)
2026-02-27 21:13:14,AAI,AAI001,수온 센서,45.46,GPIO0(ADC)
2026-02-27 21:13:14,AAJ,AAJ001,양액탱크 레벨 센서,36.71,GPIO0(ADC)
2026-02-27 21:18:16,AAA,AAA001,pH 센서,50.29,GPIO0(ADC)
2026-02-27 21:18:16,AAA,AAA002,EC 센서,43.03,GPIO1(ADC)
2026-02-27 21:18:16,AAB,AAB001,pH 센서,30.4,GPIO0(ADC)
2026-02-27 21:18:16,AAC,AAC001,수위 센서,28.2,GPIO0(ADC)
2026-02-27 21:18:16,AAD,AAD001,온도 센서,56.36,GPIO5
2026-02-27 21:18:16,AAE,AAE001,조도(PPFD) 센서,57.39,GPIO0(ADC)
2026-02-27 21:18:16,AAF,AAF001,DO(용존산소) 센서,44.04,GPIO0(ADC)
2026-02-27 21:18:16,AAG,AAG001,습도 센서,28.63,GPIO0(ADC)
2026-02-27 21:18:16,AAH,AAH001,CO2 센서,38.09,GPIO0(ADC)
2026-02-27 21:18:16,AAI,AAI001,수온 센서,48.75,GPIO0(ADC)
2026-02-27 21:18:16,AAJ,AAJ001,양액탱크 레벨 센서,43.02,GPIO0(ADC)
2026-02-27 21:23:18,AAA,AAA001,pH 센서,60.03,GPIO0(ADC)
2026-02-27 21:23:18,AAA,AAA002,EC 센서,55.02,GPIO1(ADC)
2026-02-27 21:23:18,AAB,AAB001,pH 센서,71.88,GPIO0(ADC)
2026-02-27 21:23:18,AAC,AAC001,수위 센서,59.65,GPIO0(ADC)
2026-02-27 21:23:18,AAD,AAD001,온도 센서,65.33,GPIO5
2026-02-27 21:23:18,AAE,AAE001,조도(PPFD) 센서,47.71,GPIO0(ADC)
2026-02-27 21:23:18,AAF,AAF001,DO(용존산소) 센서,78.19,GPIO0(ADC)
2026-02-27 21:23:18,AAG,AAG001,습도 센서,37.32,GPIO0(ADC)
2026-02-27 21:23:18,AAH,AAH001,CO2 센서,45.26,GPIO0(ADC)
2026-02-27 21:23:18,AAI,AAI001,수온 센서,50.41,GPIO0(ADC)
2026-02-27 21:23:18,AAJ,AAJ001,양액탱크 레벨 센서,59.67,GPIO0(ADC)
2026-02-27 21:28:20,AAA,AAA001,pH 센서,49.03,GPIO0(ADC)
2026-02-27 21:28:20,AAA,AAA002,EC 센서,41.31,GPIO1(ADC)
2026-02-27 21:28:20,AAB,AAB001,pH 센서,60.67,GPIO0(ADC)
2026-02-27 21:28:20,AAC,AAC001,수위 센서,52.6,GPIO0(ADC)
2026-02-27 21:28:20,AAD,AAD001,온도 센서,41.22,GPIO5
2026-02-27 21:28:20,AAE,AAE001,조도(PPFD) 센서,46.69,GPIO0(ADC)
2026-02-27 21:28:20,AAF,AAF001,DO(용존산소) 센서,48.98,GPIO0(ADC)
2026-02-27 21:28:20,AAG,AAG001,습도 센서,37.28,GPIO0(ADC)
2026-02-27 21:28:20,AAH,AAH001,CO2 센서,43.77,GPIO0(ADC)
2026-02-27 21:28:20,AAI,AAI001,수온 센서,51.33,GPIO0(ADC)
2026-02-27 21:28:20,AAJ,AAJ001,양액탱크 레벨 센서,16.63,GPIO0(ADC)
2026-02-27 21:33:22,AAA,AAA001,pH 센서,54.69,GPIO0(ADC)
2026-02-27 21:33:22,AAA,AAA002,EC 센서,50.75,GPIO1(ADC)
2026-02-27 21:33:22,AAB,AAB001,pH 센서,57.01,GPIO0(ADC)
2026-02-27 21:33:22,AAC,AAC001,수위 센서,66.24,GPIO0(ADC)
2026-02-27 21:33:22,AAD,AAD001,온도 센서,57.83,GPIO5
2026-02-27 21:33:22,AAE,AAE001,조도(PPFD) 센서,57.71,GPIO0(ADC)
2026-02-27 21:33:22,AAF,AAF001,DO(용존산소) 센서,48.89,GPIO0(ADC)
2026-02-27 21:33:22,AAG,AAG001,습도 센서,31.66,GPIO0(ADC)
2026-02-27 21:33:22,AAH,AAH001,CO2 센서,38.04,GPIO0(ADC)
2026-02-27 21:33:22,AAI,AAI001,수온 센서,56.04,GPIO0(ADC)
2026-02-27 21:33:22,AAJ,AAJ001,양액탱크 레벨 센서,73.14,GPIO0(ADC)
2026-02-27 21:38:24,AAA,AAA001,pH 센서,49.17,GPIO0(ADC)
2026-02-27 21:38:24,AAA,AAA002,EC 센서,25.0,GPIO1(ADC)
2026-02-27 21:38:24,AAB,AAB001,pH 센서,49.59,GPIO0(ADC)
2026-02-27 21:38:24,AAC,AAC001,수위 센서,54.02,GPIO0(ADC)
2026-02-27 21:38:24,AAD,AAD001,온도 센서,49.02,GPIO5
2026-02-27 21:38:24,AAE,AAE001,조도(PPFD) 센서,46.84,GPIO0(ADC)
2026-02-27 21:38:24,AAF,AAF001,DO(용존산소) 센서,78.71,GPIO0(ADC)
2026-02-27 21:38:24,AAG,AAG001,습도 센서,38.49,GPIO0(ADC)
2026-02-27 21:38:24,AAH,AAH001,CO2 센서,57.71,GPIO0(ADC)
2026-02-27 21:38:24,AAI,AAI001,수온 센서,64.72,GPIO0(ADC)
2026-02-27 21:38:24,AAJ,AAJ001,양액탱크 레벨 센서,60.75,GPIO0(ADC)
2026-02-27 21:43:26,AAA,AAA001,pH 센서,37.98,GPIO0(ADC)
2026-02-27 21:43:26,AAA,AAA002,EC 센서,50.8,GPIO1(ADC)
2026-02-27 21:43:26,AAB,AAB001,pH 센서,38.11,GPIO0(ADC)
2026-02-27 21:43:26,AAC,AAC001,수위 센서,36.63,GPIO0(ADC)
2026-02-27 21:43:26,AAD,AAD001,온도 센서,59.92,GPIO5
2026-02-27 21:43:26,AAE,AAE001,조도(PPFD) 센서,43.82,GPIO0(ADC)
2026-02-27 21:43:26,AAF,AAF001,DO(용존산소) 센서,44.2,GPIO0(ADC)
2026-02-27 21:43:26,AAG,AAG001,습도 센서,33.7,GPIO0(ADC)
2026-02-27 21:43:26,AAH,AAH001,CO2 센서,55.88,GPIO0(ADC)
2026-02-27 21:43:26,AAI,AAI001,수온 센서,27.28,GPIO0(ADC)
2026-02-27 21:43:26,AAJ,AAJ001,양액탱크 레벨 센서,72.24,GPIO0(ADC)
2026-02-27 21:48:27,AAA,AAA001,pH 센서,29.87,GPIO0(ADC)
2026-02-27 21:48:27,AAA,AAA002,EC 센서,49.51,GPIO1(ADC)
2026-02-27 21:48:27,AAB,AAB001,pH 센서,57.13,GPIO0(ADC)
2026-02-27 21:48:27,AAC,AAC001,수위 센서,41.39,GPIO0(ADC)
2026-02-27 21:48:27,AAD,AAD001,온도 센서,64.8,GPIO5
2026-02-27 21:48:27,AAE,AAE001,조도(PPFD) 센서,45.16,GPIO0(ADC)
2026-02-27 21:48:27,AAF,AAF001,DO(용존산소) 센서,68.46,GPIO0(ADC)
2026-02-27 21:48:27,AAG,AAG001,습도 센서,43.07,GPIO0(ADC)
2026-02-27 21:48:27,AAH,AAH001,CO2 센서,51.88,GPIO0(ADC)
2026-02-27 21:48:27,AAI,AAI001,수온 센서,72.65,GPIO0(ADC)
2026-02-27 21:48:27,AAJ,AAJ001,양액탱크 레벨 센서,19.65,GPIO0(ADC)
2026-02-27 21:53:29,AAA,AAA001,pH 센서,39.97,GPIO0(ADC)
2026-02-27 21:53:29,AAA,AAA002,EC 센서,62.92,GPIO1(ADC)
2026-02-27 21:53:29,AAB,AAB001,pH 센서,33.28,GPIO0(ADC)
2026-02-27 21:53:29,AAC,AAC001,수위 센서,58.68,GPIO0(ADC)
2026-02-27 21:53:29,AAD,AAD001,온도 센서,52.13,GPIO5
2026-02-27 21:53:29,AAE,AAE001,조도(PPFD) 센서,59.39,GPIO0(ADC)
2026-02-27 21:53:29,AAF,AAF001,DO(용존산소) 센서,68.36,GPIO0(ADC)
2026-02-27 21:53:29,AAG,AAG001,습도 센서,39.79,GPIO0(ADC)
2026-02-27 21:53:29,AAH,AAH001,CO2 센서,39.61,GPIO0(ADC)
2026-02-27 21:53:29,AAI,AAI001,수온 센서,25.13,GPIO0(ADC)
2026-02-27 21:53:29,AAJ,AAJ001,양액탱크 레벨 센서,45.93,GPIO0(ADC)
2026-02-27 21:58:31,AAA,AAA001,pH 센서,46.24,GPIO0(ADC)
2026-02-27 21:58:31,AAA,AAA002,EC 센서,54.84,GPIO1(ADC)
2026-02-27 21:58:31,AAB,AAB001,pH 센서,40.76,GPIO0(ADC)
2026-02-27 21:58:31,AAC,AAC001,수위 센서,36.9,GPIO0(ADC)
2026-02-27 21:58:31,AAD,AAD001,온도 센서,59.58,GPIO5
2026-02-27 21:58:31,AAE,AAE001,조도(PPFD) 센서,61.1,GPIO0(ADC)
2026-02-27 21:58:31,AAF,AAF001,DO(용존산소) 센서,33.12,GPIO0(ADC)
2026-02-27 21:58:31,AAG,AAG001,습도 센서,22.39,GPIO0(ADC)
2026-02-27 21:58:31,AAH,AAH001,CO2 센서,68.05,GPIO0(ADC)
2026-02-27 21:58:31,AAI,AAI001,수온 센서,53.03,GPIO0(ADC)
2026-02-27 21:58:31,AAJ,AAJ001,양액탱크 레벨 센서,49.72,GPIO0(ADC)
2026-02-27 22:03:33,AAA,AAA001,pH 센서,50.17,GPIO0(ADC)
2026-02-27 22:03:33,AAA,AAA002,EC 센서,66.79,GPIO1(ADC)
2026-02-27 22:03:33,AAB,AAB001,pH 센서,38.89,GPIO0(ADC)
2026-02-27 22:03:33,AAC,AAC001,수위 센서,55.19,GPIO0(ADC)
2026-02-27 22:03:33,AAD,AAD001,온도 센서,15.59,GPIO5
2026-02-27 22:03:33,AAE,AAE001,조도(PPFD) 센서,50.42,GPIO0(ADC)
2026-02-27 22:03:33,AAF,AAF001,DO(용존산소) 센서,43.99,GPIO0(ADC)
2026-02-27 22:03:33,AAG,AAG001,습도 센서,33.79,GPIO0(ADC)
2026-02-27 22:03:33,AAH,AAH001,CO2 센서,45.84,GPIO0(ADC)
2026-02-27 22:03:33,AAI,AAI001,수온 센서,63.26,GPIO0(ADC)
2026-02-27 22:03:33,AAJ,AAJ001,양액탱크 레벨 센서,34.76,GPIO0(ADC)
2026-02-27 22:08:35,AAA,AAA001,pH 센서,40.15,GPIO0(ADC)
2026-02-27 22:08:35,AAA,AAA002,EC 센서,56.67,GPIO1(ADC)
2026-02-27 22:08:35,AAB,AAB001,pH 센서,66.88,GPIO0(ADC)
2026-02-27 22:08:35,AAC,AAC001,수위 센서,55.19,GPIO0(ADC)
2026-02-27 22:08:35,AAD,AAD001,온도 센서,39.03,GPIO5
2026-02-27 22:08:35,AAE,AAE001,조도(PPFD) 센서,60.92,GPIO0(ADC)
2026-02-27 22:08:35,AAF,AAF001,DO(용존산소) 센서,38.4,GPIO0(ADC)
2026-02-27 22:08:35,AAG,AAG001,습도 센서,58.7,GPIO0(ADC)
2026-02-27 22:08:35,AAH,AAH001,CO2 센서,75.45,GPIO0(ADC)
2026-02-27 22:08:35,AAI,AAI001,수온 센서,64.17,GPIO0(ADC)
2026-02-27 22:08:35,AAJ,AAJ001,양액탱크 레벨 센서,57.97,GPIO0(ADC)
2026-02-27 22:13:37,AAA,AAA001,pH 센서,43.79,GPIO0(ADC)
2026-02-27 22:13:37,AAA,AAA002,EC 센서,37.33,GPIO1(ADC)
2026-02-27 22:13:37,AAB,AAB001,pH 센서,57.57,GPIO0(ADC)
2026-02-27 22:13:37,AAC,AAC001,수위 센서,43.81,GPIO0(ADC)
2026-02-27 22:13:37,AAD,AAD001,온도 센서,64.91,GPIO5
2026-02-27 22:13:37,AAE,AAE001,조도(PPFD) 센서,42.38,GPIO0(ADC)
2026-02-27 22:13:37,AAF,AAF001,DO(용존산소) 센서,59.65,GPIO0(ADC)
2026-02-27 22:13:37,AAG,AAG001,습도 센서,34.33,GPIO0(ADC)
2026-02-27 22:13:37,AAH,AAH001,CO2 센서,23.24,GPIO0(ADC)
2026-02-27 22:13:37,AAI,AAI001,수온 센서,66.98,GPIO0(ADC)
2026-02-27 22:13:37,AAJ,AAJ001,양액탱크 레벨 센서,55.12,GPIO0(ADC)
2026-02-27 22:18:39,AAA,AAA001,pH 센서,66.23,GPIO0(ADC)
2026-02-27 22:18:39,AAA,AAA002,EC 센서,52.94,GPIO1(ADC)
2026-02-27 22:18:39,AAB,AAB001,pH 센서,36.79,GPIO0(ADC)
2026-02-27 22:18:39,AAC,AAC001,수위 센서,56.39,GPIO0(ADC)
2026-02-27 22:18:39,AAD,AAD001,온도 센서,53.4,GPIO5
2026-02-27 22:18:39,AAE,AAE001,조도(PPFD) 센서,66.67,GPIO0(ADC)
2026-02-27 22:18:39,AAF,AAF001,DO(용존산소) 센서,45.53,GPIO0(ADC)
2026-02-27 22:18:39,AAG,AAG001,습도 센서,47.02,GPIO0(ADC)
2026-02-27 22:18:39,AAH,AAH001,CO2 센서,59.51,GPIO0(ADC)
2026-02-27 22:18:39,AAI,AAI001,수온 센서,25.28,GPIO0(ADC)
2026-02-27 22:18:39,AAJ,AAJ001,양액탱크 레벨 센서,58.23,GPIO0(ADC)
2026-02-27 22:23:41,AAA,AAA001,pH 센서,33.08,GPIO0(ADC)
2026-02-27 22:23:41,AAA,AAA002,EC 센서,39.26,GPIO1(ADC)
2026-02-27 22:23:41,AAB,AAB001,pH 센서,41.48,GPIO0(ADC)
2026-02-27 22:23:41,AAC,AAC001,수위 센서,65.88,GPIO0(ADC)
2026-02-27 22:23:41,AAD,AAD001,온도 센서,55.71,GPIO5
2026-02-27 22:23:41,AAE,AAE001,조도(PPFD) 센서,56.19,GPIO0(ADC)
2026-02-27 22:23:41,AAF,AAF001,DO(용존산소) 센서,59.25,GPIO0(ADC)
2026-02-27 22:23:41,AAG,AAG001,습도 센서,50.65,GPIO0(ADC)
2026-02-27 22:23:41,AAH,AAH001,CO2 센서,41.8,GPIO0(ADC)
2026-02-27 22:23:41,AAI,AAI001,수온 센서,61.83,GPIO0(ADC)
2026-02-27 22:23:41,AAJ,AAJ001,양액탱크 레벨 센서,50.65,GPIO0(ADC)
